DATE,HOUR,PRICE
08/31/2017,01,0.020180
08/31/2017,02,0.019800
08/31/2017,03,0.019290
08/31/2017,04,0.019210
08/31/2017,05,0.019190
08/31/2017,06,0.021740
08/31/2017,07,0.021670
08/31/2017,08,0.022700
08/31/2017,09,0.023700
08/31/2017,10,0.025650
08/31/2017,11,0.027310
08/31/2017,12,0.027560
08/31/2017,13,0.029360
08/31/2017,14,0.030890
08/31/2017,15,0.031500
08/31/2017,16,0.032600
08/31/2017,17,0.031290
08/31/2017,18,0.028610
08/31/2017,19,0.026650
08/31/2017,20,0.027160
08/31/2017,21,0.025050
08/31/2017,22,0.021540
08/31/2017,23,0.019890
08/31/2017,24,0.018830
09/01/2017,01,0.017460
09/01/2017,02,0.016170
09/01/2017,03,0.015450
09/01/2017,04,0.015520
09/01/2017,05,0.017190
09/01/2017,06,0.019780
09/01/2017,07,0.021530
09/01/2017,08,0.021880
09/01/2017,09,0.022710
09/01/2017,10,0.023920
09/01/2017,11,0.024680
09/01/2017,12,0.024780
09/01/2017,13,0.026410
09/01/2017,14,0.027340
09/01/2017,15,0.027360
09/01/2017,16,0.027110
09/01/2017,17,0.026280
09/01/2017,18,0.024410
09/01/2017,19,0.023940
09/01/2017,20,0.023920
09/01/2017,21,0.022660
09/01/2017,22,0.020460
09/01/2017,23,0.019570
09/01/2017,24,0.018880
09/02/2017,01,0.016960
09/02/2017,02,0.015570
09/02/2017,03,0.014710
09/02/2017,04,0.014630
09/02/2017,05,0.015810
09/02/2017,06,0.017330
09/02/2017,07,0.018370
09/02/2017,08,0.019720
09/02/2017,09,0.021330
09/02/2017,10,0.022530
09/02/2017,11,0.022990
09/02/2017,12,0.023120
09/02/2017,13,0.023860
09/02/2017,14,0.023770
09/02/2017,15,0.024310
09/02/2017,16,0.024670
09/02/2017,17,0.024790
09/02/2017,18,0.024370
09/02/2017,19,0.024050
09/02/2017,20,0.024380
09/02/2017,21,0.023630
09/02/2017,22,0.022150
09/02/2017,23,0.020020
09/02/2017,24,0.018870
09/03/2017,01,0.017960
09/03/2017,02,0.017600
09/03/2017,03,0.016610
09/03/2017,04,0.015500
09/03/2017,05,0.015690
09/03/2017,06,0.016880
09/03/2017,07,0.017210
09/03/2017,08,0.018110
09/03/2017,09,0.019920
09/03/2017,10,0.021610
09/03/2017,11,0.022590
09/03/2017,12,0.022850
09/03/2017,13,0.023960
09/03/2017,14,0.023870
09/03/2017,15,0.025180
09/03/2017,16,0.026890
09/03/2017,17,0.027320
09/03/2017,18,0.025970
09/03/2017,19,0.026120
09/03/2017,20,0.025820
09/03/2017,21,0.024160
09/03/2017,22,0.021630
09/03/2017,23,0.019010
09/03/2017,24,0.017570
09/04/2017,01,0.016150
09/04/2017,02,0.015210
09/04/2017,03,0.013620
09/04/2017,04,0.013020
09/04/2017,05,0.013380
09/04/2017,06,0.015200
09/04/2017,07,0.017480
09/04/2017,08,0.018340
09/04/2017,09,0.020480
09/04/2017,10,0.022060
09/04/2017,11,0.023280
09/04/2017,12,0.025210
09/04/2017,13,0.027520
09/04/2017,14,0.029140
09/04/2017,15,0.030070
09/04/2017,16,0.032330
09/04/2017,17,0.035460
09/04/2017,18,0.032530
09/04/2017,19,0.031210
09/04/2017,20,0.029630
09/04/2017,21,0.027780
09/04/2017,22,0.024430
09/04/2017,23,0.021320
09/04/2017,24,0.019840
09/05/2017,01,0.018320
09/05/2017,02,0.017420
09/05/2017,03,0.016600
09/05/2017,04,0.016340
09/05/2017,05,0.017770
09/05/2017,06,0.020140
09/05/2017,07,0.022730
09/05/2017,08,0.022870
09/05/2017,09,0.024550
09/05/2017,10,0.026590
09/05/2017,11,0.028050
09/05/2017,12,0.028460
09/05/2017,13,0.028900
09/05/2017,14,0.029900
09/05/2017,15,0.029560
09/05/2017,16,0.030320
09/05/2017,17,0.029670
09/05/2017,18,0.027810
09/05/2017,19,0.028020
09/05/2017,20,0.028040
09/05/2017,21,0.027310
09/05/2017,22,0.023840
09/05/2017,23,0.021370
09/05/2017,24,0.020090
09/06/2017,01,0.019120
09/06/2017,02,0.018060
09/06/2017,03,0.017400
09/06/2017,04,0.018050
09/06/2017,05,0.019190
09/06/2017,06,0.021910
09/06/2017,07,0.023650
09/06/2017,08,0.022890
09/06/2017,09,0.024520
09/06/2017,10,0.026000
09/06/2017,11,0.027280
09/06/2017,12,0.027720
09/06/2017,13,0.028230
09/06/2017,14,0.028910
09/06/2017,15,0.029060
09/06/2017,16,0.029040
09/06/2017,17,0.028280
09/06/2017,18,0.027500
09/06/2017,19,0.027510
09/06/2017,20,0.028170
09/06/2017,21,0.025990
09/06/2017,22,0.023460
09/06/2017,23,0.022300
09/06/2017,24,0.020800
09/07/2017,01,0.019050
09/07/2017,02,0.018110
09/07/2017,03,0.017630
09/07/2017,04,0.017620
09/07/2017,05,0.018750
09/07/2017,06,0.022160
09/07/2017,07,0.022530
09/07/2017,08,0.022160
09/07/2017,09,0.023110
09/07/2017,10,0.024000
09/07/2017,11,0.024880
09/07/2017,12,0.025300
09/07/2017,13,0.025970
09/07/2017,14,0.026340
09/07/2017,15,0.027180
09/07/2017,16,0.027740
09/07/2017,17,0.026970
09/07/2017,18,0.026200
09/07/2017,19,0.025950
09/07/2017,20,0.026450
09/07/2017,21,0.024910
09/07/2017,22,0.022060
09/07/2017,23,0.020710
09/07/2017,24,0.019770
09/08/2017,01,0.017980
09/08/2017,02,0.016840
09/08/2017,03,0.016370
09/08/2017,04,0.016730
09/08/2017,05,0.017950
09/08/2017,06,0.021060
09/08/2017,07,0.022010
09/08/2017,08,0.021660
09/08/2017,09,0.023550
09/08/2017,10,0.024580
09/08/2017,11,0.025140
09/08/2017,12,0.025280
09/08/2017,13,0.025680
09/08/2017,14,0.026800
09/08/2017,15,0.027510
09/08/2017,16,0.027970
09/08/2017,17,0.026130
09/08/2017,18,0.025280
09/08/2017,19,0.024660
09/08/2017,20,0.024920
09/08/2017,21,0.023820
09/08/2017,22,0.021760
09/08/2017,23,0.020090
09/08/2017,24,0.019290
09/09/2017,01,0.018100
09/09/2017,02,0.016490
09/09/2017,03,0.015470
09/09/2017,04,0.015690
09/09/2017,05,0.016610
09/09/2017,06,0.017620
09/09/2017,07,0.018270
09/09/2017,08,0.019860
09/09/2017,09,0.021650
09/09/2017,10,0.022980
09/09/2017,11,0.024210
09/09/2017,12,0.024520
09/09/2017,13,0.025020
09/09/2017,14,0.026050
09/09/2017,15,0.026240
09/09/2017,16,0.027180
09/09/2017,17,0.027410
09/09/2017,18,0.025320
09/09/2017,19,0.024500
09/09/2017,20,0.025980
09/09/2017,21,0.024100
09/09/2017,22,0.020680
09/09/2017,23,0.019220
09/09/2017,24,0.019170
09/10/2017,01,0.016960
09/10/2017,02,0.015690
09/10/2017,03,0.014070
09/10/2017,04,0.013840
09/10/2017,05,0.014440
09/10/2017,06,0.016730
09/10/2017,07,0.017330
09/10/2017,08,0.018230
09/10/2017,09,0.020740
09/10/2017,10,0.021750
09/10/2017,11,0.022380
09/10/2017,12,0.022520
09/10/2017,13,0.023650
09/10/2017,14,0.024460
09/10/2017,15,0.025150
09/10/2017,16,0.027400
09/10/2017,17,0.028100
09/10/2017,18,0.026450
09/10/2017,19,0.025780
09/10/2017,20,0.027280
09/10/2017,21,0.024790
09/10/2017,22,0.021080
09/10/2017,23,0.019280
09/10/2017,24,0.018490
09/11/2017,01,0.016110
09/11/2017,02,0.014910
09/11/2017,03,0.014030
09/11/2017,04,0.015640
09/11/2017,05,0.017380
09/11/2017,06,0.020760
09/11/2017,07,0.022110
09/11/2017,08,0.022320
09/11/2017,09,0.024510
09/11/2017,10,0.025980
09/11/2017,11,0.026890
09/11/2017,12,0.027630
09/11/2017,13,0.029770
09/11/2017,14,0.031900
09/11/2017,15,0.033470
09/11/2017,16,0.035620
09/11/2017,17,0.035610
09/11/2017,18,0.031490
09/11/2017,19,0.030850
09/11/2017,20,0.030720
09/11/2017,21,0.027130
09/11/2017,22,0.022650
09/11/2017,23,0.020900
09/11/2017,24,0.019760
09/12/2017,01,0.018600
09/12/2017,02,0.018050
09/12/2017,03,0.017550
09/12/2017,04,0.017760
09/12/2017,05,0.018890
09/12/2017,06,0.021670
09/12/2017,07,0.023810
09/12/2017,08,0.023550
09/12/2017,09,0.024490
09/12/2017,10,0.026150
09/12/2017,11,0.027460
09/12/2017,12,0.028350
09/12/2017,13,0.030470
09/12/2017,14,0.032050
09/12/2017,15,0.033320
09/12/2017,16,0.034060
09/12/2017,17,0.034800
09/12/2017,18,0.031850
09/12/2017,19,0.030720
09/12/2017,20,0.031680
09/12/2017,21,0.027710
09/12/2017,22,0.022950
09/12/2017,23,0.020770
09/12/2017,24,0.019340
09/13/2017,01,0.018110
09/13/2017,02,0.017560
09/13/2017,03,0.016830
09/13/2017,04,0.017110
09/13/2017,05,0.018270
09/13/2017,06,0.022240
09/13/2017,07,0.024490
09/13/2017,08,0.023800
09/13/2017,09,0.025900
09/13/2017,10,0.027290
09/13/2017,11,0.028420
09/13/2017,12,0.028760
09/13/2017,13,0.030300
09/13/2017,14,0.032630
09/13/2017,15,0.034180
09/13/2017,16,0.036380
09/13/2017,17,0.035910
09/13/2017,18,0.032390
09/13/2017,19,0.030640
09/13/2017,20,0.030400
09/13/2017,21,0.027530
09/13/2017,22,0.023180
09/13/2017,23,0.020980
09/13/2017,24,0.018830
09/14/2017,01,0.019060
09/14/2017,02,0.017850
09/14/2017,03,0.017140
09/14/2017,04,0.017310
09/14/2017,05,0.019570
09/14/2017,06,0.024680
09/14/2017,07,0.026380
09/14/2017,08,0.026440
09/14/2017,09,0.028290
09/14/2017,10,0.029650
09/14/2017,11,0.031480
09/14/2017,12,0.033280
09/14/2017,13,0.035700
09/14/2017,14,0.038710
09/14/2017,15,0.040950
09/14/2017,16,0.044240
09/14/2017,17,0.042940
09/14/2017,18,0.038750
09/14/2017,19,0.034930
09/14/2017,20,0.033420
09/14/2017,21,0.029320
09/14/2017,22,0.024770
09/14/2017,23,0.022440
09/14/2017,24,0.019970
09/15/2017,01,0.018370
09/15/2017,02,0.017320
09/15/2017,03,0.016840
09/15/2017,04,0.017020
09/15/2017,05,0.019150
09/15/2017,06,0.023710
09/15/2017,07,0.025020
09/15/2017,08,0.025630
09/15/2017,09,0.026950
09/15/2017,10,0.029650
09/15/2017,11,0.032050
09/15/2017,12,0.034460
09/15/2017,13,0.037630
09/15/2017,14,0.041110
09/15/2017,15,0.045420
09/15/2017,16,0.047460
09/15/2017,17,0.045580
09/15/2017,18,0.039700
09/15/2017,19,0.034160
09/15/2017,20,0.032170
09/15/2017,21,0.027840
09/15/2017,22,0.025170
09/15/2017,23,0.022350
09/15/2017,24,0.020090
09/16/2017,01,0.018170
09/16/2017,02,0.017090
09/16/2017,03,0.016610
09/16/2017,04,0.016370
09/16/2017,05,0.016750
09/16/2017,06,0.018060
09/16/2017,07,0.019620
09/16/2017,08,0.021160
09/16/2017,09,0.023830
09/16/2017,10,0.025820
09/16/2017,11,0.027580
09/16/2017,12,0.029230
09/16/2017,13,0.032310
09/16/2017,14,0.034950
09/16/2017,15,0.037780
09/16/2017,16,0.040980
09/16/2017,17,0.040300
09/16/2017,18,0.036860
09/16/2017,19,0.033250
09/16/2017,20,0.031650
09/16/2017,21,0.027720
09/16/2017,22,0.024870
09/16/2017,23,0.022350
09/16/2017,24,0.020620
09/17/2017,01,0.019230
09/17/2017,02,0.018520
09/17/2017,03,0.017960
09/17/2017,04,0.017410
09/17/2017,05,0.017480
09/17/2017,06,0.018650
09/17/2017,07,0.019410
09/17/2017,08,0.020800
09/17/2017,09,0.023800
09/17/2017,10,0.024780
09/17/2017,11,0.027170
09/17/2017,12,0.028870
09/17/2017,13,0.033270
09/17/2017,14,0.035800
09/17/2017,15,0.040080
09/17/2017,16,0.045330
09/17/2017,17,0.046080
09/17/2017,18,0.041340
09/17/2017,19,0.036440
09/17/2017,20,0.035840
09/17/2017,21,0.029230
09/17/2017,22,0.024920
09/17/2017,23,0.021940
09/17/2017,24,0.020410
09/18/2017,01,0.019640
09/18/2017,02,0.018860
09/18/2017,03,0.018410
09/18/2017,04,0.018500
09/18/2017,05,0.019530
09/18/2017,06,0.023580
09/18/2017,07,0.026310
09/18/2017,08,0.026180
09/18/2017,09,0.027210
09/18/2017,10,0.029960
09/18/2017,11,0.032140
09/18/2017,12,0.033620
09/18/2017,13,0.038450
09/18/2017,14,0.042600
09/18/2017,15,0.043740
09/18/2017,16,0.048100
09/18/2017,17,0.046100
09/18/2017,18,0.042590
09/18/2017,19,0.038010
09/18/2017,20,0.035980
09/18/2017,21,0.031200
09/18/2017,22,0.026220
09/18/2017,23,0.023430
09/18/2017,24,0.020850
09/19/2017,01,0.019580
09/19/2017,02,0.018830
09/19/2017,03,0.018380
09/19/2017,04,0.018340
09/19/2017,05,0.019320
09/19/2017,06,0.023440
09/19/2017,07,0.024920
09/19/2017,08,0.025110
09/19/2017,09,0.026960
09/19/2017,10,0.028950
09/19/2017,11,0.030760
09/19/2017,12,0.033700
09/19/2017,13,0.037640
09/19/2017,14,0.040960
09/19/2017,15,0.043180
09/19/2017,16,0.046950
09/19/2017,17,0.043230
09/19/2017,18,0.038680
09/19/2017,19,0.035570
09/19/2017,20,0.035580
09/19/2017,21,0.029470
09/19/2017,22,0.024420
09/19/2017,23,0.021630
09/19/2017,24,0.019060
09/20/2017,01,0.018680
09/20/2017,02,0.018180
09/20/2017,03,0.017680
09/20/2017,04,0.017710
09/20/2017,05,0.018800
09/20/2017,06,0.023500
09/20/2017,07,0.025670
09/20/2017,08,0.025650
09/20/2017,09,0.027460
09/20/2017,10,0.030090
09/20/2017,11,0.034480
09/20/2017,12,0.040130
09/20/2017,13,0.046730
09/20/2017,14,0.054780
09/20/2017,15,0.058450
09/20/2017,16,0.065840
09/20/2017,17,0.062710
09/20/2017,18,0.053430
09/20/2017,19,0.046510
09/20/2017,20,0.045190
09/20/2017,21,0.038390
09/20/2017,22,0.031440
09/20/2017,23,0.026810
09/20/2017,24,0.023150
09/21/2017,01,0.022270
09/21/2017,02,0.020610
09/21/2017,03,0.019940
09/21/2017,04,0.019720
09/21/2017,05,0.021360
09/21/2017,06,0.026340
09/21/2017,07,0.028410
09/21/2017,08,0.029460
09/21/2017,09,0.030600
09/21/2017,10,0.036120
09/21/2017,11,0.040480
09/21/2017,12,0.049180
09/21/2017,13,0.058260
09/21/2017,14,0.067780
09/21/2017,15,0.080860
09/21/2017,16,0.088960
09/21/2017,17,0.078620
09/21/2017,18,0.065680
09/21/2017,19,0.055460
09/21/2017,20,0.053720
09/21/2017,21,0.042910
09/21/2017,22,0.031180
09/21/2017,23,0.028230
09/21/2017,24,0.023910
09/22/2017,01,0.021150
09/22/2017,02,0.019670
09/22/2017,03,0.019100
09/22/2017,04,0.018840
09/22/2017,05,0.019840
09/22/2017,06,0.024790
09/22/2017,07,0.026960
09/22/2017,08,0.030330
09/22/2017,09,0.034830
09/22/2017,10,0.040880
09/22/2017,11,0.047220
09/22/2017,12,0.058580
09/22/2017,13,0.068570
09/22/2017,14,0.083730
09/22/2017,15,0.096400
09/22/2017,16,0.105650
09/22/2017,17,0.094080
09/22/2017,18,0.072510
09/22/2017,19,0.057980
09/22/2017,20,0.053350
09/22/2017,21,0.040550
09/22/2017,22,0.031480
09/22/2017,23,0.028600
09/22/2017,24,0.023730
09/23/2017,01,0.021370
09/23/2017,02,0.020600
09/23/2017,03,0.020020
09/23/2017,04,0.019070
09/23/2017,05,0.018960
09/23/2017,06,0.020180
09/23/2017,07,0.020470
09/23/2017,08,0.023560
09/23/2017,09,0.031920
09/23/2017,10,0.036360
09/23/2017,11,0.041010
09/23/2017,12,0.051160
09/23/2017,13,0.062900
09/23/2017,14,0.076840
09/23/2017,15,0.087530
09/23/2017,16,0.095450
09/23/2017,17,0.080970
09/23/2017,18,0.063920
09/23/2017,19,0.054180
09/23/2017,20,0.052830
09/23/2017,21,0.039520
09/23/2017,22,0.032160
09/23/2017,23,0.025820
09/23/2017,24,0.023110
09/24/2017,01,0.020040
09/24/2017,02,0.019100
09/24/2017,03,0.018720
09/24/2017,04,0.018140
09/24/2017,05,0.018270
09/24/2017,06,0.018800
09/24/2017,07,0.019940
09/24/2017,08,0.021070
09/24/2017,09,0.025310
09/24/2017,10,0.027300
09/24/2017,11,0.031920
09/24/2017,12,0.042570
09/24/2017,13,0.047520
09/24/2017,14,0.059150
09/24/2017,15,0.064760
09/24/2017,16,0.073390
09/24/2017,17,0.069650
09/24/2017,18,0.053740
09/24/2017,19,0.043950
09/24/2017,20,0.042100
09/24/2017,21,0.036880
09/24/2017,22,0.028150
09/24/2017,23,0.024150
09/24/2017,24,0.021140
09/25/2017,01,0.019720
09/25/2017,02,0.019360
09/25/2017,03,0.018800
09/25/2017,04,0.018640
09/25/2017,05,0.019400
09/25/2017,06,0.024630
09/25/2017,07,0.027720
09/25/2017,08,0.027850
09/25/2017,09,0.030280
09/25/2017,10,0.035450
09/25/2017,11,0.040180
09/25/2017,12,0.052560
09/25/2017,13,0.060790
09/25/2017,14,0.085900
09/25/2017,15,0.099050
09/25/2017,16,0.109580
09/25/2017,17,0.095710
09/25/2017,18,0.074470
09/25/2017,19,0.060520
09/25/2017,20,0.054090
09/25/2017,21,0.043840
09/25/2017,22,0.033740
09/25/2017,23,0.026690
09/25/2017,24,0.022860
09/26/2017,01,0.020330
09/26/2017,02,0.019540
09/26/2017,03,0.019010
09/26/2017,04,0.018760
09/26/2017,05,0.019750
09/26/2017,06,0.025070
09/26/2017,07,0.028380
09/26/2017,08,0.027180
09/26/2017,09,0.028910
09/26/2017,10,0.035380
09/26/2017,11,0.043210
09/26/2017,12,0.051360
09/26/2017,13,0.068960
09/26/2017,14,0.087230
09/26/2017,15,0.103000
09/26/2017,16,0.111170
09/26/2017,17,0.102000
09/26/2017,18,0.071680
09/26/2017,19,0.053830
09/26/2017,20,0.049950
09/26/2017,21,0.039350
09/26/2017,22,0.030220
09/26/2017,23,0.025590
09/26/2017,24,0.021690
09/27/2017,01,0.019930
09/27/2017,02,0.019020
09/27/2017,03,0.018560
09/27/2017,04,0.018270
09/27/2017,05,0.019220
09/27/2017,06,0.024310
09/27/2017,07,0.024490
09/27/2017,08,0.024180
09/27/2017,09,0.025020
09/27/2017,10,0.025450
09/27/2017,11,0.026130
09/27/2017,12,0.027190
09/27/2017,13,0.035260
09/27/2017,14,0.030010
09/27/2017,15,0.032860
09/27/2017,16,0.033470
09/27/2017,17,0.032270
09/27/2017,18,0.028500
09/27/2017,19,0.027200
09/27/2017,20,0.027340
09/27/2017,21,0.025420
09/27/2017,22,0.022990
09/27/2017,23,0.021800
09/27/2017,24,0.020080
09/28/2017,01,0.019630
09/28/2017,02,0.018850
09/28/2017,03,0.018300
09/28/2017,04,0.018510
09/28/2017,05,0.019480
09/28/2017,06,0.023700
09/28/2017,07,0.023980
09/28/2017,08,0.024310
09/28/2017,09,0.024930
09/28/2017,10,0.024780
09/28/2017,11,0.026380
09/28/2017,12,0.027000
09/28/2017,13,0.028480
09/28/2017,14,0.031430
09/28/2017,15,0.032600
09/28/2017,16,0.034480
09/28/2017,17,0.031820
09/28/2017,18,0.030720
09/28/2017,19,0.028720
09/28/2017,20,0.029610
09/28/2017,21,0.025890
09/28/2017,22,0.022630
09/28/2017,23,0.021500
09/28/2017,24,0.019770
09/29/2017,01,0.018480
09/29/2017,02,0.017510
09/29/2017,03,0.016960
09/29/2017,04,0.017310
09/29/2017,05,0.018540
09/29/2017,06,0.022020
09/29/2017,07,0.023930
09/29/2017,08,0.023480
09/29/2017,09,0.025110
09/29/2017,10,0.026190
09/29/2017,11,0.027590
09/29/2017,12,0.028940
09/29/2017,13,0.030500
09/29/2017,14,0.032380
09/29/2017,15,0.032600
09/29/2017,16,0.033010
09/29/2017,17,0.025580
09/29/2017,18,0.024470
09/29/2017,19,0.026500
09/29/2017,20,0.026800
09/29/2017,21,0.024020
09/29/2017,22,0.021700
09/29/2017,23,0.021010
09/29/2017,24,0.020070
09/30/2017,01,0.017450
09/30/2017,02,0.016540
09/30/2017,03,0.015790
09/30/2017,04,0.015750
09/30/2017,05,0.016090
09/30/2017,06,0.017820
09/30/2017,07,0.018700
09/30/2017,08,0.020560
09/30/2017,09,0.022870
09/30/2017,10,0.024020
09/30/2017,11,0.025070
09/30/2017,12,0.024810
09/30/2017,13,0.024590
09/30/2017,14,0.024640
09/30/2017,15,0.024670
09/30/2017,16,0.024630
09/30/2017,17,0.024480
09/30/2017,18,0.024470
09/30/2017,19,0.025020
09/30/2017,20,0.026240
09/30/2017,21,0.022080
09/30/2017,22,0.020430
09/30/2017,23,0.017800
09/30/2017,24,0.016930
10/01/2017,01,0.014340
10/01/2017,02,0.013660
10/01/2017,03,0.013430
10/01/2017,04,0.012750
10/01/2017,05,0.013550
10/01/2017,06,0.014920
10/01/2017,07,0.016350
10/01/2017,08,0.017730
10/01/2017,09,0.019850
10/01/2017,10,0.020800
10/01/2017,11,0.021370
10/01/2017,12,0.021600
10/01/2017,13,0.022040
10/01/2017,14,0.022190
10/01/2017,15,0.022610
10/01/2017,16,0.023370
10/01/2017,17,0.024750
10/01/2017,18,0.025840
10/01/2017,19,0.028020
10/01/2017,20,0.028290
10/01/2017,21,0.024360
10/01/2017,22,0.020560
10/01/2017,23,0.018650
10/01/2017,24,0.017350
10/02/2017,01,0.014810
10/02/2017,02,0.013710
10/02/2017,03,0.012900
10/02/2017,04,0.014190
10/02/2017,05,0.017390
10/02/2017,06,0.023070
10/02/2017,07,0.025370
10/02/2017,08,0.024760
10/02/2017,09,0.024360
10/02/2017,10,0.026350
10/02/2017,11,0.028180
10/02/2017,12,0.030830
10/02/2017,13,0.032230
10/02/2017,14,0.035300
10/02/2017,15,0.035540
10/02/2017,16,0.038170
10/02/2017,17,0.035490
10/02/2017,18,0.032630
10/02/2017,19,0.033390
10/02/2017,20,0.031540
10/02/2017,21,0.026740
10/02/2017,22,0.022100
10/02/2017,23,0.019730
10/02/2017,24,0.018270
10/03/2017,01,0.017230
10/03/2017,02,0.016080
10/03/2017,03,0.015560
10/03/2017,04,0.016300
10/03/2017,05,0.017720
10/03/2017,06,0.023630
10/03/2017,07,0.025180
10/03/2017,08,0.025460
10/03/2017,09,0.026890
10/03/2017,10,0.029190
10/03/2017,11,0.031780
10/03/2017,12,0.035210
10/03/2017,13,0.039670
10/03/2017,14,0.043490
10/03/2017,15,0.045120
10/03/2017,16,0.051620
10/03/2017,17,0.048740
10/03/2017,18,0.043720
10/03/2017,19,0.042680
10/03/2017,20,0.041940
10/03/2017,21,0.034190
10/03/2017,22,0.027650
10/03/2017,23,0.022860
10/03/2017,24,0.021280
10/04/2017,01,0.019260
10/04/2017,02,0.018630
10/04/2017,03,0.018050
10/04/2017,04,0.018340
10/04/2017,05,0.019730
10/04/2017,06,0.023790
10/04/2017,07,0.026460
10/04/2017,08,0.026120
10/04/2017,09,0.027980
10/04/2017,10,0.029750
10/04/2017,11,0.031760
10/04/2017,12,0.034390
10/04/2017,13,0.037500
10/04/2017,14,0.040460
10/04/2017,15,0.041430
10/04/2017,16,0.042680
10/04/2017,17,0.041040
10/04/2017,18,0.038280
10/04/2017,19,0.036560
10/04/2017,20,0.037330
10/04/2017,21,0.030620
10/04/2017,22,0.025540
10/04/2017,23,0.021740
10/04/2017,24,0.020310
10/05/2017,01,0.019190
10/05/2017,02,0.018470
10/05/2017,03,0.018350
10/05/2017,04,0.018490
10/05/2017,05,0.019310
10/05/2017,06,0.023170
10/05/2017,07,0.026910
10/05/2017,08,0.025460
10/05/2017,09,0.026830
10/05/2017,10,0.028000
10/05/2017,11,0.030500
10/05/2017,12,0.032130
10/05/2017,13,0.036600
10/05/2017,14,0.038940
10/05/2017,15,0.040840
10/05/2017,16,0.043150
10/05/2017,17,0.041730
10/05/2017,18,0.038720
10/05/2017,19,0.040000
10/05/2017,20,0.039230
10/05/2017,21,0.032070
10/05/2017,22,0.026480
10/05/2017,23,0.022750
10/05/2017,24,0.021110
10/06/2017,01,0.019840
10/06/2017,02,0.019550
10/06/2017,03,0.019300
10/06/2017,04,0.019270
10/06/2017,05,0.020120
10/06/2017,06,0.024710
10/06/2017,07,0.028760
10/06/2017,08,0.027780
10/06/2017,09,0.028360
10/06/2017,10,0.030100
10/06/2017,11,0.031260
10/06/2017,12,0.033930
10/06/2017,13,0.036680
10/06/2017,14,0.037110
10/06/2017,15,0.038230
10/06/2017,16,0.039060
10/06/2017,17,0.037900
10/06/2017,18,0.035280
10/06/2017,19,0.035090
10/06/2017,20,0.033380
10/06/2017,21,0.028790
10/06/2017,22,0.024410
10/06/2017,23,0.022690
10/06/2017,24,0.020820
10/07/2017,01,0.020140
10/07/2017,02,0.019580
10/07/2017,03,0.019230
10/07/2017,04,0.018970
10/07/2017,05,0.019180
10/07/2017,06,0.020900
10/07/2017,07,0.022330
10/07/2017,08,0.023330
10/07/2017,09,0.025850
10/07/2017,10,0.027290
10/07/2017,11,0.029250
10/07/2017,12,0.032390
10/07/2017,13,0.034690
10/07/2017,14,0.035990
10/07/2017,15,0.036470
10/07/2017,16,0.039050
10/07/2017,17,0.036130
10/07/2017,18,0.033260
10/07/2017,19,0.033590
10/07/2017,20,0.032100
10/07/2017,21,0.026900
10/07/2017,22,0.023990
10/07/2017,23,0.022460
10/07/2017,24,0.020020
10/08/2017,01,0.019290
10/08/2017,02,0.018830
10/08/2017,03,0.018360
10/08/2017,04,0.018210
10/08/2017,05,0.018140
10/08/2017,06,0.019230
10/08/2017,07,0.019440
10/08/2017,08,0.020290
10/08/2017,09,0.023640
10/08/2017,10,0.023960
10/08/2017,11,0.025420
10/08/2017,12,0.026120
10/08/2017,13,0.028150
10/08/2017,14,0.031430
10/08/2017,15,0.031790
10/08/2017,16,0.034610
10/08/2017,17,0.037850
10/08/2017,18,0.038680
10/08/2017,19,0.041440
10/08/2017,20,0.036410
10/08/2017,21,0.030640
10/08/2017,22,0.024920
10/08/2017,23,0.023520
10/08/2017,24,0.020930
10/09/2017,01,0.019760
10/09/2017,02,0.019610
10/09/2017,03,0.019410
10/09/2017,04,0.020080
10/09/2017,05,0.020830
10/09/2017,06,0.026100
10/09/2017,07,0.029400
10/09/2017,08,0.027340
10/09/2017,09,0.029080
10/09/2017,10,0.031650
10/09/2017,11,0.034650
10/09/2017,12,0.036550
10/09/2017,13,0.041200
10/09/2017,14,0.045670
10/09/2017,15,0.048180
10/09/2017,16,0.050140
10/09/2017,17,0.049470
10/09/2017,18,0.043850
10/09/2017,19,0.045380
10/09/2017,20,0.040790
10/09/2017,21,0.033440
10/09/2017,22,0.027130
10/09/2017,23,0.024670
10/09/2017,24,0.021840
10/10/2017,01,0.020470
10/10/2017,02,0.019440
10/10/2017,03,0.019140
10/10/2017,04,0.019120
10/10/2017,05,0.020930
10/10/2017,06,0.025370
10/10/2017,07,0.030120
10/10/2017,08,0.029190
10/10/2017,09,0.030380
10/10/2017,10,0.031800
10/10/2017,11,0.034470
10/10/2017,12,0.034140
10/10/2017,13,0.036580
10/10/2017,14,0.037920
10/10/2017,15,0.037240
10/10/2017,16,0.040380
10/10/2017,17,0.035680
10/10/2017,18,0.034440
10/10/2017,19,0.038440
10/10/2017,20,0.035460
10/10/2017,21,0.029440
10/10/2017,22,0.024560
10/10/2017,23,0.022660
10/10/2017,24,0.020910
10/11/2017,01,0.019810
10/11/2017,02,0.019170
10/11/2017,03,0.019120
10/11/2017,04,0.019340
10/11/2017,05,0.020840
10/11/2017,06,0.026520
10/11/2017,07,0.031150
10/11/2017,08,0.031050
10/11/2017,09,0.031750
10/11/2017,10,0.032070
10/11/2017,11,0.033590
10/11/2017,12,0.033670
10/11/2017,13,0.033270
10/11/2017,14,0.033710
10/11/2017,15,0.033790
10/11/2017,16,0.034280
10/11/2017,17,0.032900
10/11/2017,18,0.031230
10/11/2017,19,0.034200
10/11/2017,20,0.032400
10/11/2017,21,0.026830
10/11/2017,22,0.023260
10/11/2017,23,0.021960
10/11/2017,24,0.020040
10/12/2017,01,0.018590
10/12/2017,02,0.017930
10/12/2017,03,0.017860
10/12/2017,04,0.018020
10/12/2017,05,0.018940
10/12/2017,06,0.024460
10/12/2017,07,0.027630
10/12/2017,08,0.028030
10/12/2017,09,0.027550
10/12/2017,10,0.028500
10/12/2017,11,0.029590
10/12/2017,12,0.029030
10/12/2017,13,0.030430
10/12/2017,14,0.031590
10/12/2017,15,0.031850
10/12/2017,16,0.032650
10/12/2017,17,0.031500
10/12/2017,18,0.031770
10/12/2017,19,0.035460
10/12/2017,20,0.032690
10/12/2017,21,0.028000
10/12/2017,22,0.023560
10/12/2017,23,0.022260
10/12/2017,24,0.020510
10/13/2017,01,0.019790
10/13/2017,02,0.019360
10/13/2017,03,0.019270
10/13/2017,04,0.019420
10/13/2017,05,0.019930
10/13/2017,06,0.022960
10/13/2017,07,0.025410
10/13/2017,08,0.025110
10/13/2017,09,0.025630
10/13/2017,10,0.027720
10/13/2017,11,0.029220
10/13/2017,12,0.029930
10/13/2017,13,0.031750
10/13/2017,14,0.033100
10/13/2017,15,0.032130
10/13/2017,16,0.033660
10/13/2017,17,0.032330
10/13/2017,18,0.032090
10/13/2017,19,0.033910
10/13/2017,20,0.031250
10/13/2017,21,0.027570
10/13/2017,22,0.024090
10/13/2017,23,0.023090
10/13/2017,24,0.020920
10/14/2017,01,0.019110
10/14/2017,02,0.018580
10/14/2017,03,0.018220
10/14/2017,04,0.017720
10/14/2017,05,0.017320
10/14/2017,06,0.018480
10/14/2017,07,0.020480
10/14/2017,08,0.021610
10/14/2017,09,0.023600
10/14/2017,10,0.025350
10/14/2017,11,0.027440
10/14/2017,12,0.029100
10/14/2017,13,0.032130
10/14/2017,14,0.033000
10/14/2017,15,0.032280
10/14/2017,16,0.034260
10/14/2017,17,0.032180
10/14/2017,18,0.032680
10/14/2017,19,0.034520
10/14/2017,20,0.030540
10/14/2017,21,0.025840
10/14/2017,22,0.022160
10/14/2017,23,0.019660
10/14/2017,24,0.018000
10/15/2017,01,0.017190
10/15/2017,02,0.017410
10/15/2017,03,0.017350
10/15/2017,04,0.016740
10/15/2017,05,0.016240
10/15/2017,06,0.016700
10/15/2017,07,0.017320
10/15/2017,08,0.019010
10/15/2017,09,0.020950
10/15/2017,10,0.021920
10/15/2017,11,0.022880
10/15/2017,12,0.023590
10/15/2017,13,0.023840
10/15/2017,14,0.023230
10/15/2017,15,0.022850
10/15/2017,16,0.023160
10/15/2017,17,0.024490
10/15/2017,18,0.027510
10/15/2017,19,0.033800
10/15/2017,20,0.030920
10/15/2017,21,0.025790
10/15/2017,22,0.021820
10/15/2017,23,0.020810
10/15/2017,24,0.018890
10/16/2017,01,0.017980
10/16/2017,02,0.017930
10/16/2017,03,0.017880
10/16/2017,04,0.018120
10/16/2017,05,0.018710
10/16/2017,06,0.022250
10/16/2017,07,0.030900
10/16/2017,08,0.029080
10/16/2017,09,0.028420
10/16/2017,10,0.028590
10/16/2017,11,0.029520
10/16/2017,12,0.028920
10/16/2017,13,0.028820
10/16/2017,14,0.028370
10/16/2017,15,0.027860
10/16/2017,16,0.027890
10/16/2017,17,0.027560
10/16/2017,18,0.028250
10/16/2017,19,0.034680
10/16/2017,20,0.030520
10/16/2017,21,0.026770
10/16/2017,22,0.022770
10/16/2017,23,0.020390
10/16/2017,24,0.018340
10/17/2017,01,0.017130
10/17/2017,02,0.017370
10/17/2017,03,0.016930
10/17/2017,04,0.017050
10/17/2017,05,0.017430
10/17/2017,06,0.020490
10/17/2017,07,0.029530
10/17/2017,08,0.027820
10/17/2017,09,0.028200
10/17/2017,10,0.028010
10/17/2017,11,0.028060
10/17/2017,12,0.027530
10/17/2017,13,0.027520
10/17/2017,14,0.027600
10/17/2017,15,0.027490
10/17/2017,16,0.026490
10/17/2017,17,0.026160
10/17/2017,18,0.027090
10/17/2017,19,0.034050
10/17/2017,20,0.029130
10/17/2017,21,0.024390
10/17/2017,22,0.021560
10/17/2017,23,0.020020
10/17/2017,24,0.018440
10/18/2017,01,0.017180
10/18/2017,02,0.016970
10/18/2017,03,0.016590
10/18/2017,04,0.016780
10/18/2017,05,0.017550
10/18/2017,06,0.021240
10/18/2017,07,0.027120
10/18/2017,08,0.025080
10/18/2017,09,0.024550
10/18/2017,10,0.025770
10/18/2017,11,0.025450
10/18/2017,12,0.024600
10/18/2017,13,0.024850
10/18/2017,14,0.025610
10/18/2017,15,0.025410
10/18/2017,16,0.025040
10/18/2017,17,0.025430
10/18/2017,18,0.026510
10/18/2017,19,0.032630
10/18/2017,20,0.028170
10/18/2017,21,0.025490
10/18/2017,22,0.021820
10/18/2017,23,0.020350
10/18/2017,24,0.018310
10/19/2017,01,0.017970
10/19/2017,02,0.017410
10/19/2017,03,0.017240
10/19/2017,04,0.017370
10/19/2017,05,0.018510
10/19/2017,06,0.022520
10/19/2017,07,0.026590
10/19/2017,08,0.026000
10/19/2017,09,0.026010
10/19/2017,10,0.025610
10/19/2017,11,0.026300
10/19/2017,12,0.025860
10/19/2017,13,0.026380
10/19/2017,14,0.027470
10/19/2017,15,0.027480
10/19/2017,16,0.027460
10/19/2017,17,0.027580
10/19/2017,18,0.026600
10/19/2017,19,0.031370
10/19/2017,20,0.027870
10/19/2017,21,0.024370
10/19/2017,22,0.021840
10/19/2017,23,0.019900
10/19/2017,24,0.017780
10/20/2017,01,0.018250
10/20/2017,02,0.017900
10/20/2017,03,0.016850
10/20/2017,04,0.017340
10/20/2017,05,0.017930
10/20/2017,06,0.023030
10/20/2017,07,0.026970
10/20/2017,08,0.027110
10/20/2017,09,0.027150
10/20/2017,10,0.026240
10/20/2017,11,0.027590
10/20/2017,12,0.028400
10/20/2017,13,0.029340
10/20/2017,14,0.030530
10/20/2017,15,0.030630
10/20/2017,16,0.031190
10/20/2017,17,0.029670
10/20/2017,18,0.028620
10/20/2017,19,0.030530
10/20/2017,20,0.028600
10/20/2017,21,0.025560
10/20/2017,22,0.022180
10/20/2017,23,0.021380
10/20/2017,24,0.019760
10/21/2017,01,0.018020
10/21/2017,02,0.016980
10/21/2017,03,0.016510
10/21/2017,04,0.016380
10/21/2017,05,0.016460
10/21/2017,06,0.018660
10/21/2017,07,0.019370
10/21/2017,08,0.021370
10/21/2017,09,0.022600
10/21/2017,10,0.023770
10/21/2017,11,0.025060
10/21/2017,12,0.025330
10/21/2017,13,0.025480
10/21/2017,14,0.026240
10/21/2017,15,0.026420
10/21/2017,16,0.027700
10/21/2017,17,0.027710
10/21/2017,18,0.028620
10/21/2017,19,0.033950
10/21/2017,20,0.028300
10/21/2017,21,0.025120
10/21/2017,22,0.022770
10/21/2017,23,0.021710
10/21/2017,24,0.021130
10/22/2017,01,0.018770
10/22/2017,02,0.018470
10/22/2017,03,0.018100
10/22/2017,04,0.017800
10/22/2017,05,0.017650
10/22/2017,06,0.018450
10/22/2017,07,0.018910
10/22/2017,08,0.020610
10/22/2017,09,0.022130
10/22/2017,10,0.023500
10/22/2017,11,0.024220
10/22/2017,12,0.024810
10/22/2017,13,0.025330
10/22/2017,14,0.025760
10/22/2017,15,0.024880
10/22/2017,16,0.025660
10/22/2017,17,0.026690
10/22/2017,18,0.028000
10/22/2017,19,0.034390
10/22/2017,20,0.029270
10/22/2017,21,0.025550
10/22/2017,22,0.022130
10/22/2017,23,0.021260
10/22/2017,24,0.019460
10/23/2017,01,0.017770
10/23/2017,02,0.017540
10/23/2017,03,0.017480
10/23/2017,04,0.018110
10/23/2017,05,0.018820
10/23/2017,06,0.025080
10/23/2017,07,0.030190
10/23/2017,08,0.029680
10/23/2017,09,0.030090
10/23/2017,10,0.029560
10/23/2017,11,0.030130
10/23/2017,12,0.030010
10/23/2017,13,0.030040
10/23/2017,14,0.029620
10/23/2017,15,0.028860
10/23/2017,16,0.028700
10/23/2017,17,0.029120
10/23/2017,18,0.029480
10/23/2017,19,0.034430
10/23/2017,20,0.029770
10/23/2017,21,0.025480
10/23/2017,22,0.023300
10/23/2017,23,0.021650
10/23/2017,24,0.019610
10/24/2017,01,0.018030
10/24/2017,02,0.017630
10/24/2017,03,0.017500
10/24/2017,04,0.017930
10/24/2017,05,0.017910
10/24/2017,06,0.022020
10/24/2017,07,0.026680
10/24/2017,08,0.026800
10/24/2017,09,0.026560
10/24/2017,10,0.026120
10/24/2017,11,0.026500
10/24/2017,12,0.025850
10/24/2017,13,0.025220
10/24/2017,14,0.024850
10/24/2017,15,0.024180
10/24/2017,16,0.024170
10/24/2017,17,0.024280
10/24/2017,18,0.025790
10/24/2017,19,0.030830
10/24/2017,20,0.028110
10/24/2017,21,0.026040
10/24/2017,22,0.022400
10/24/2017,23,0.021360
10/24/2017,24,0.019650
10/25/2017,01,0.018820
10/25/2017,02,0.019010
10/25/2017,03,0.019000
10/25/2017,04,0.019240
10/25/2017,05,0.019920
10/25/2017,06,0.027160
10/25/2017,07,0.031970
10/25/2017,08,0.030720
10/25/2017,09,0.030460
10/25/2017,10,0.030430
10/25/2017,11,0.030850
10/25/2017,12,0.029990
10/25/2017,13,0.029020
10/25/2017,14,0.028380
10/25/2017,15,0.027430
10/25/2017,16,0.027910
10/25/2017,17,0.029010
10/25/2017,18,0.030790
10/25/2017,19,0.041120
10/25/2017,20,0.032770
10/25/2017,21,0.029840
10/25/2017,22,0.024010
10/25/2017,23,0.023060
10/25/2017,24,0.021270
10/26/2017,01,0.019530
10/26/2017,02,0.019400
10/26/2017,03,0.019390
10/26/2017,04,0.019560
10/26/2017,05,0.020100
10/26/2017,06,0.024390
10/26/2017,07,0.030670
10/26/2017,08,0.029490
10/26/2017,09,0.028800
10/26/2017,10,0.029110
10/26/2017,11,0.028740
10/26/2017,12,0.027720
10/26/2017,13,0.026580
10/26/2017,14,0.026340
10/26/2017,15,0.024870
10/26/2017,16,0.025380
10/26/2017,17,0.025550
10/26/2017,18,0.027470
10/26/2017,19,0.033360
10/26/2017,20,0.027790
10/26/2017,21,0.025980
10/26/2017,22,0.022680
10/26/2017,23,0.021060
10/26/2017,24,0.019440
10/27/2017,01,0.018320
10/27/2017,02,0.018380
10/27/2017,03,0.018500
10/27/2017,04,0.018690
10/27/2017,05,0.019430
10/27/2017,06,0.022360
10/27/2017,07,0.032410
10/27/2017,08,0.031270
10/27/2017,09,0.030650
10/27/2017,10,0.031280
10/27/2017,11,0.030530
10/27/2017,12,0.029420
10/27/2017,13,0.028630
10/27/2017,14,0.027900
10/27/2017,15,0.025690
10/27/2017,16,0.026050
10/27/2017,17,0.026560
10/27/2017,18,0.028960
10/27/2017,19,0.034050
10/27/2017,20,0.029220
10/27/2017,21,0.027460
10/27/2017,22,0.024310
10/27/2017,23,0.022600
10/27/2017,24,0.020910
10/28/2017,01,0.020240
10/28/2017,02,0.020540
10/28/2017,03,0.020140
10/28/2017,04,0.020330
10/28/2017,05,0.020690
10/28/2017,06,0.021220
10/28/2017,07,0.025460
10/28/2017,08,0.027970
10/28/2017,09,0.031630
10/28/2017,10,0.032260
10/28/2017,11,0.030290
10/28/2017,12,0.026970
10/28/2017,13,0.025380
10/28/2017,14,0.024260
10/28/2017,15,0.023610
10/28/2017,16,0.023610
10/28/2017,17,0.024510
10/28/2017,18,0.029640
10/28/2017,19,0.037640
10/28/2017,20,0.032500
10/28/2017,21,0.028540
10/28/2017,22,0.024600
10/28/2017,23,0.022180
10/28/2017,24,0.021150
10/29/2017,01,0.021310
10/29/2017,02,0.021340
10/29/2017,03,0.021210
10/29/2017,04,0.020880
10/29/2017,05,0.021010
10/29/2017,06,0.021860
10/29/2017,07,0.024320
10/29/2017,08,0.026100
10/29/2017,09,0.028870
10/29/2017,10,0.028630
10/29/2017,11,0.026790
10/29/2017,12,0.025880
10/29/2017,13,0.024240
10/29/2017,14,0.022830
10/29/2017,15,0.022270
10/29/2017,16,0.022470
10/29/2017,17,0.023330
10/29/2017,18,0.027790
10/29/2017,19,0.037020
10/29/2017,20,0.030840
10/29/2017,21,0.026880
10/29/2017,22,0.022640
10/29/2017,23,0.020950
10/29/2017,24,0.019410
10/30/2017,01,0.018400
10/30/2017,02,0.017870
10/30/2017,03,0.018080
10/30/2017,04,0.018520
10/30/2017,05,0.018110
10/30/2017,06,0.023560
10/30/2017,07,0.033550
10/30/2017,08,0.034560
10/30/2017,09,0.029670
10/30/2017,10,0.027850
10/30/2017,11,0.027070
10/30/2017,12,0.025680
10/30/2017,13,0.024050
10/30/2017,14,0.023830
10/30/2017,15,0.022940
10/30/2017,16,0.023260
10/30/2017,17,0.024210
10/30/2017,18,0.027710
10/30/2017,19,0.034240
10/30/2017,20,0.029070
10/30/2017,21,0.026470
10/30/2017,22,0.022730
10/30/2017,23,0.020550
10/30/2017,24,0.019280
10/31/2017,01,0.019720
10/31/2017,02,0.019830
10/31/2017,03,0.019580
10/31/2017,04,0.020060
10/31/2017,05,0.020720
10/31/2017,06,0.025710
10/31/2017,07,0.035240
10/31/2017,08,0.036090
10/31/2017,09,0.032470
10/31/2017,10,0.032130
10/31/2017,11,0.030990
10/31/2017,12,0.029700
10/31/2017,13,0.027740
10/31/2017,14,0.027240
10/31/2017,15,0.026290
10/31/2017,16,0.025870
10/31/2017,17,0.026590
10/31/2017,18,0.029240
10/31/2017,19,0.034820
10/31/2017,20,0.029590
10/31/2017,21,0.027220
10/31/2017,22,0.023770
10/31/2017,23,0.022130
10/31/2017,24,0.020340
11/01/2017,01,0.020880
11/01/2017,02,0.020540
11/01/2017,03,0.020490
11/01/2017,04,0.020640
11/01/2017,05,0.020420
11/01/2017,06,0.025050
11/01/2017,07,0.035690
11/01/2017,08,0.038020
11/01/2017,09,0.033190
11/01/2017,10,0.033760
11/01/2017,11,0.031380
11/01/2017,12,0.029530
11/01/2017,13,0.027680
11/01/2017,14,0.026400
11/01/2017,15,0.025570
11/01/2017,16,0.025160
11/01/2017,17,0.027440
11/01/2017,18,0.030310
11/01/2017,19,0.038230
11/01/2017,20,0.031080
11/01/2017,21,0.028090
11/01/2017,22,0.023870
11/01/2017,23,0.021750
11/01/2017,24,0.020220
11/02/2017,01,0.020280
11/02/2017,02,0.019740
11/02/2017,03,0.019660
11/02/2017,04,0.019840
11/02/2017,05,0.020120
11/02/2017,06,0.022410
11/02/2017,07,0.031020
11/02/2017,08,0.032510
11/02/2017,09,0.030890
11/02/2017,10,0.031730
11/02/2017,11,0.031460
11/02/2017,12,0.031020
11/02/2017,13,0.029450
11/02/2017,14,0.029230
11/02/2017,15,0.028590
11/02/2017,16,0.027620
11/02/2017,17,0.028490
11/02/2017,18,0.030570
11/02/2017,19,0.035320
11/02/2017,20,0.029530
11/02/2017,21,0.025850
11/02/2017,22,0.023060
11/02/2017,23,0.021630
11/02/2017,24,0.020450
11/03/2017,01,0.019500
11/03/2017,02,0.019380
11/03/2017,03,0.019300
11/03/2017,04,0.019400
11/03/2017,05,0.019470
11/03/2017,06,0.022060
11/03/2017,07,0.029570
11/03/2017,08,0.031630
11/03/2017,09,0.029520
11/03/2017,10,0.030480
11/03/2017,11,0.030990
11/03/2017,12,0.030250
11/03/2017,13,0.028920
11/03/2017,14,0.027850
11/03/2017,15,0.027290
11/03/2017,16,0.026030
11/03/2017,17,0.026190
11/03/2017,18,0.027710
11/03/2017,19,0.029960
11/03/2017,20,0.026300
11/03/2017,21,0.023270
11/03/2017,22,0.021060
11/03/2017,23,0.020570
11/03/2017,24,0.019890
11/04/2017,01,0.019480
11/04/2017,02,0.019360
11/04/2017,03,0.019170
11/04/2017,04,0.019130
11/04/2017,05,0.019630
11/04/2017,06,0.019560
11/04/2017,07,0.021850
11/04/2017,08,0.023500
11/04/2017,09,0.025350
11/04/2017,10,0.026320
11/04/2017,11,0.028090
11/04/2017,12,0.026930
11/04/2017,13,0.026050
11/04/2017,14,0.025040
11/04/2017,15,0.024500
11/04/2017,16,0.024320
11/04/2017,17,0.025670
11/04/2017,18,0.027850
11/04/2017,19,0.029270
11/04/2017,20,0.025050
11/04/2017,21,0.023410
11/04/2017,22,0.021530
11/04/2017,23,0.020820
11/04/2017,24,0.019590
11/05/2017,01,0.018950
11/05/2017,02,0.018270
11/05/2017,03,0.017770
11/05/2017,04,0.017800
11/05/2017,05,0.017790
11/05/2017,06,0.018670
11/05/2017,07,0.020050
11/05/2017,08,0.021170
11/05/2017,09,0.021900
11/05/2017,10,0.023240
11/05/2017,11,0.022870
11/05/2017,12,0.022760
11/05/2017,13,0.022570
11/05/2017,14,0.022730
11/05/2017,15,0.022960
11/05/2017,16,0.024400
11/05/2017,17,0.030240
11/05/2017,18,0.033170
11/05/2017,19,0.028620
11/05/2017,20,0.024780
11/05/2017,21,0.022600
11/05/2017,22,0.021310
11/05/2017,23,0.019820
11/05/2017,24,0.019690
11/06/2017,01,0.019450
11/06/2017,02,0.019280
11/06/2017,03,0.019470
11/06/2017,04,0.019980
11/06/2017,05,0.021650
11/06/2017,06,0.028740
11/06/2017,07,0.032650
11/06/2017,08,0.030490
11/06/2017,09,0.032520
11/06/2017,10,0.032870
11/06/2017,11,0.032960
11/06/2017,12,0.033150
11/06/2017,13,0.032680
11/06/2017,14,0.030970
11/06/2017,15,0.030050
11/06/2017,16,0.030160
11/06/2017,17,0.034960
11/06/2017,18,0.038680
11/06/2017,19,0.034290
11/06/2017,20,0.030180
11/06/2017,21,0.026890
11/06/2017,22,0.025120
11/06/2017,23,0.022730
11/06/2017,24,0.021860
11/07/2017,01,0.021800
11/07/2017,02,0.021410
11/07/2017,03,0.021760
11/07/2017,04,0.021580
11/07/2017,05,0.024150
11/07/2017,06,0.031900
11/07/2017,07,0.036030
11/07/2017,08,0.033320
11/07/2017,09,0.033300
11/07/2017,10,0.033750
11/07/2017,11,0.034020
11/07/2017,12,0.033130
11/07/2017,13,0.032380
11/07/2017,14,0.031880
11/07/2017,15,0.030510
11/07/2017,16,0.031190
11/07/2017,17,0.037570
11/07/2017,18,0.042110
11/07/2017,19,0.035570
11/07/2017,20,0.032030
11/07/2017,21,0.028290
11/07/2017,22,0.024540
11/07/2017,23,0.023790
11/07/2017,24,0.023170
11/08/2017,01,0.022800
11/08/2017,02,0.022360
11/08/2017,03,0.022750
11/08/2017,04,0.023010
11/08/2017,05,0.024650
11/08/2017,06,0.032650
11/08/2017,07,0.037750
11/08/2017,08,0.034980
11/08/2017,09,0.034820
11/08/2017,10,0.035070
11/08/2017,11,0.032620
11/08/2017,12,0.030820
11/08/2017,13,0.028980
11/08/2017,14,0.028580
11/08/2017,15,0.027120
11/08/2017,16,0.026960
11/08/2017,17,0.034150
11/08/2017,18,0.038300
11/08/2017,19,0.033180
11/08/2017,20,0.029880
11/08/2017,21,0.027610
11/08/2017,22,0.025220
11/08/2017,23,0.022280
11/08/2017,24,0.021930
11/09/2017,01,0.021870
11/09/2017,02,0.022050
11/09/2017,03,0.021870
11/09/2017,04,0.022660
11/09/2017,05,0.023460
11/09/2017,06,0.030920
11/09/2017,07,0.038070
11/09/2017,08,0.032870
11/09/2017,09,0.032350
11/09/2017,10,0.031400
11/09/2017,11,0.029360
11/09/2017,12,0.028120
11/09/2017,13,0.027740
11/09/2017,14,0.027290
11/09/2017,15,0.026690
11/09/2017,16,0.027830
11/09/2017,17,0.036020
11/09/2017,18,0.041890
11/09/2017,19,0.036050
11/09/2017,20,0.033020
11/09/2017,21,0.030520
11/09/2017,22,0.027870
11/09/2017,23,0.025070
11/09/2017,24,0.023550
11/10/2017,01,0.023780
11/10/2017,02,0.023710
11/10/2017,03,0.023980
11/10/2017,04,0.025440
11/10/2017,05,0.025560
11/10/2017,06,0.033130
11/10/2017,07,0.041210
11/10/2017,08,0.036150
11/10/2017,09,0.033980
11/10/2017,10,0.032750
11/10/2017,11,0.030800
11/10/2017,12,0.029220
11/10/2017,13,0.027840
11/10/2017,14,0.027170
11/10/2017,15,0.026120
11/10/2017,16,0.026420
11/10/2017,17,0.032350
11/10/2017,18,0.035770
11/10/2017,19,0.030890
11/10/2017,20,0.029010
11/10/2017,21,0.027040
11/10/2017,22,0.025440
11/10/2017,23,0.023640
11/10/2017,24,0.022420
11/11/2017,01,0.021790
11/11/2017,02,0.022030
11/11/2017,03,0.022260
11/11/2017,04,0.022800
11/11/2017,05,0.022710
11/11/2017,06,0.025040
11/11/2017,07,0.029610
11/11/2017,08,0.030370
11/11/2017,09,0.032270
11/11/2017,10,0.032280
11/11/2017,11,0.029880
11/11/2017,12,0.027980
11/11/2017,13,0.026760
11/11/2017,14,0.026320
11/11/2017,15,0.026120
11/11/2017,16,0.027390
11/11/2017,17,0.034290
11/11/2017,18,0.037590
11/11/2017,19,0.031970
11/11/2017,20,0.030590
11/11/2017,21,0.027510
11/11/2017,22,0.026560
11/11/2017,23,0.025280
11/11/2017,24,0.024560
11/12/2017,01,0.023640
11/12/2017,02,0.023770
11/12/2017,03,0.023500
11/12/2017,04,0.022930
11/12/2017,05,0.022190
11/12/2017,06,0.023630
11/12/2017,07,0.024930
11/12/2017,08,0.026370
11/12/2017,09,0.028880
11/12/2017,10,0.029310
11/12/2017,11,0.028710
11/12/2017,12,0.028540
11/12/2017,13,0.028700
11/12/2017,14,0.028300
11/12/2017,15,0.027580
11/12/2017,16,0.028900
11/12/2017,17,0.035850
11/12/2017,18,0.040180
11/12/2017,19,0.034280
11/12/2017,20,0.032290
11/12/2017,21,0.028640
11/12/2017,22,0.026710
11/12/2017,23,0.024390
11/12/2017,24,0.021860
11/13/2017,01,0.020970
11/13/2017,02,0.021040
11/13/2017,03,0.021140
11/13/2017,04,0.021260
11/13/2017,05,0.023020
11/13/2017,06,0.029450
11/13/2017,07,0.037850
11/13/2017,08,0.033870
11/13/2017,09,0.036430
11/13/2017,10,0.035530
11/13/2017,11,0.033090
11/13/2017,12,0.031850
11/13/2017,13,0.030170
11/13/2017,14,0.029630
11/13/2017,15,0.028840
11/13/2017,16,0.029430
11/13/2017,17,0.036430
11/13/2017,18,0.042210
11/13/2017,19,0.037400
11/13/2017,20,0.034210
11/13/2017,21,0.030670
11/13/2017,22,0.028130
11/13/2017,23,0.025730
11/13/2017,24,0.022970
11/14/2017,01,0.022500
11/14/2017,02,0.022270
11/14/2017,03,0.022250
11/14/2017,04,0.022540
11/14/2017,05,0.024360
11/14/2017,06,0.030330
11/14/2017,07,0.037330
11/14/2017,08,0.032520
11/14/2017,09,0.032500
11/14/2017,10,0.033330
11/14/2017,11,0.031200
11/14/2017,12,0.029790
11/14/2017,13,0.028470
11/14/2017,14,0.027880
11/14/2017,15,0.026880
11/14/2017,16,0.027340
11/14/2017,17,0.034780
11/14/2017,18,0.038600
11/14/2017,19,0.034540
11/14/2017,20,0.032270
11/14/2017,21,0.028810
11/14/2017,22,0.024970
11/14/2017,23,0.022240
11/14/2017,24,0.020580
11/15/2017,01,0.020280
11/15/2017,02,0.019710
11/15/2017,03,0.019610
11/15/2017,04,0.020060
11/15/2017,05,0.020770
11/15/2017,06,0.025140
11/15/2017,07,0.030600
11/15/2017,08,0.028800
11/15/2017,09,0.028620
11/15/2017,10,0.029120
11/15/2017,11,0.027510
11/15/2017,12,0.026840
11/15/2017,13,0.025970
11/15/2017,14,0.025720
11/15/2017,15,0.025720
11/15/2017,16,0.025950
11/15/2017,17,0.033490
11/15/2017,18,0.037830
11/15/2017,19,0.032240
11/15/2017,20,0.029610
11/15/2017,21,0.026540
11/15/2017,22,0.025060
11/15/2017,23,0.023140
11/15/2017,24,0.020460
11/16/2017,01,0.020460
11/16/2017,02,0.020330
11/16/2017,03,0.020510
11/16/2017,04,0.021370
11/16/2017,05,0.022760
11/16/2017,06,0.028260
11/16/2017,07,0.035200
11/16/2017,08,0.032240
11/16/2017,09,0.032390
11/16/2017,10,0.032310
11/16/2017,11,0.030050
11/16/2017,12,0.028220
11/16/2017,13,0.027660
11/16/2017,14,0.026880
11/16/2017,15,0.024970
11/16/2017,16,0.025850
11/16/2017,17,0.033550
11/16/2017,18,0.037400
11/16/2017,19,0.032920
11/16/2017,20,0.030710
11/16/2017,21,0.027860
11/16/2017,22,0.024290
11/16/2017,23,0.022380
11/16/2017,24,0.021000
11/17/2017,01,0.020320
11/17/2017,02,0.020080
11/17/2017,03,0.020170
11/17/2017,04,0.020220
11/17/2017,05,0.022740
11/17/2017,06,0.026920
11/17/2017,07,0.032460
11/17/2017,08,0.030150
11/17/2017,09,0.029880
11/17/2017,10,0.030040
11/17/2017,11,0.027840
11/17/2017,12,0.028320
11/17/2017,13,0.027260
11/17/2017,14,0.026310
11/17/2017,15,0.024920
11/17/2017,16,0.025340
11/17/2017,17,0.031730
11/17/2017,18,0.032990
11/17/2017,19,0.027180
11/17/2017,20,0.024800
11/17/2017,21,0.023810
11/17/2017,22,0.023100
11/17/2017,23,0.021380
11/17/2017,24,0.020680
11/18/2017,01,0.019830
11/18/2017,02,0.019430
11/18/2017,03,0.019150
11/18/2017,04,0.018830
11/18/2017,05,0.019370
11/18/2017,06,0.020700
11/18/2017,07,0.022600
11/18/2017,08,0.024120
11/18/2017,09,0.025680
11/18/2017,10,0.026460
11/18/2017,11,0.024570
11/18/2017,12,0.023340
11/18/2017,13,0.022350
11/18/2017,14,0.022190
11/18/2017,15,0.022150
11/18/2017,16,0.023050
11/18/2017,17,0.030160
11/18/2017,18,0.030570
11/18/2017,19,0.026060
11/18/2017,20,0.024200
11/18/2017,21,0.023440
11/18/2017,22,0.022020
11/18/2017,23,0.021230
11/18/2017,24,0.020510
11/19/2017,01,0.019760
11/19/2017,02,0.019740
11/19/2017,03,0.019830
11/19/2017,04,0.020110
11/19/2017,05,0.019970
11/19/2017,06,0.021700
11/19/2017,07,0.022530
11/19/2017,08,0.023650
11/19/2017,09,0.025780
11/19/2017,10,0.026740
11/19/2017,11,0.025200
11/19/2017,12,0.024570
11/19/2017,13,0.023350
11/19/2017,14,0.023320
11/19/2017,15,0.023590
11/19/2017,16,0.024200
11/19/2017,17,0.032870
11/19/2017,18,0.034880
11/19/2017,19,0.031610
11/19/2017,20,0.028780
11/19/2017,21,0.026970
11/19/2017,22,0.024190
11/19/2017,23,0.022940
11/19/2017,24,0.020910
11/20/2017,01,0.020580
11/20/2017,02,0.020750
11/20/2017,03,0.020980
11/20/2017,04,0.021070
11/20/2017,05,0.021730
11/20/2017,06,0.030020
11/20/2017,07,0.038090
11/20/2017,08,0.033640
11/20/2017,09,0.032110
11/20/2017,10,0.029510
11/20/2017,11,0.025870
11/20/2017,12,0.023750
11/20/2017,13,0.022940
11/20/2017,14,0.022790
11/20/2017,15,0.022220
11/20/2017,16,0.022480
11/20/2017,17,0.028300
11/20/2017,18,0.030500
11/20/2017,19,0.028090
11/20/2017,20,0.026220
11/20/2017,21,0.024720
11/20/2017,22,0.022070
11/20/2017,23,0.020440
11/20/2017,24,0.020280
11/21/2017,01,0.019920
11/21/2017,02,0.020000
11/21/2017,03,0.019810
11/21/2017,04,0.019750
11/21/2017,05,0.020970
11/21/2017,06,0.026390
11/21/2017,07,0.031500
11/21/2017,08,0.028320
11/21/2017,09,0.027340
11/21/2017,10,0.025740
11/21/2017,11,0.024190
11/21/2017,12,0.023930
11/21/2017,13,0.023400
11/21/2017,14,0.023170
11/21/2017,15,0.023220
11/21/2017,16,0.024220
11/21/2017,17,0.033210
11/21/2017,18,0.032690
11/21/2017,19,0.032050
11/21/2017,20,0.030950
11/21/2017,21,0.028600
11/21/2017,22,0.025270
11/21/2017,23,0.024000
11/21/2017,24,0.023110
11/22/2017,01,0.022670
11/22/2017,02,0.023160
11/22/2017,03,0.023880
11/22/2017,04,0.025220
11/22/2017,05,0.026970
11/22/2017,06,0.033800
11/22/2017,07,0.040430
11/22/2017,08,0.035480
11/22/2017,09,0.035380
11/22/2017,10,0.034130
11/22/2017,11,0.031510
11/22/2017,12,0.029810
11/22/2017,13,0.028450
11/22/2017,14,0.027270
11/22/2017,15,0.027150
11/22/2017,16,0.027510
11/22/2017,17,0.033290
11/22/2017,18,0.034610
11/22/2017,19,0.032820
11/22/2017,20,0.030900
11/22/2017,21,0.028670
11/22/2017,22,0.026630
11/22/2017,23,0.025740
11/22/2017,24,0.022190
11/23/2017,01,0.021230
11/23/2017,02,0.021420
11/23/2017,03,0.021340
11/23/2017,04,0.020850
11/23/2017,05,0.021440
11/23/2017,06,0.022400
11/23/2017,07,0.023730
11/23/2017,08,0.025330
11/23/2017,09,0.027880
11/23/2017,10,0.029150
11/23/2017,11,0.027210
11/23/2017,12,0.023960
11/23/2017,13,0.021750
11/23/2017,14,0.021310
11/23/2017,15,0.020810
11/23/2017,16,0.021240
11/23/2017,17,0.022390
11/23/2017,18,0.022750
11/23/2017,19,0.022260
11/23/2017,20,0.022130
11/23/2017,21,0.021850
11/23/2017,22,0.020800
11/23/2017,23,0.019780
11/23/2017,24,0.019600
11/24/2017,01,0.018850
11/24/2017,02,0.018980
11/24/2017,03,0.018740
11/24/2017,04,0.018990
11/24/2017,05,0.019330
11/24/2017,06,0.021590
11/24/2017,07,0.022460
11/24/2017,08,0.022450
11/24/2017,09,0.022470
11/24/2017,10,0.022450
11/24/2017,11,0.021700
11/24/2017,12,0.020840
11/24/2017,13,0.019920
11/24/2017,14,0.019710
11/24/2017,15,0.019950
11/24/2017,16,0.020550
11/24/2017,17,0.023160
11/24/2017,18,0.024370
11/24/2017,19,0.022840
11/24/2017,20,0.022040
11/24/2017,21,0.021120
11/24/2017,22,0.020490
11/24/2017,23,0.020060
11/24/2017,24,0.018660
11/25/2017,01,0.018140
11/25/2017,02,0.018220
11/25/2017,03,0.018450
11/25/2017,04,0.018800
11/25/2017,05,0.018850
11/25/2017,06,0.020300
11/25/2017,07,0.022380
11/25/2017,08,0.023220
11/25/2017,09,0.024560
11/25/2017,10,0.026040
11/25/2017,11,0.024980
11/25/2017,12,0.024030
11/25/2017,13,0.022790
11/25/2017,14,0.022410
11/25/2017,15,0.022280
11/25/2017,16,0.023080
11/25/2017,17,0.029070
11/25/2017,18,0.030030
11/25/2017,19,0.027970
11/25/2017,20,0.026630
11/25/2017,21,0.026100
11/25/2017,22,0.023790
11/25/2017,23,0.022210
11/25/2017,24,0.021370
11/26/2017,01,0.020710
11/26/2017,02,0.020460
11/26/2017,03,0.020300
11/26/2017,04,0.020420
11/26/2017,05,0.020140
11/26/2017,06,0.020820
11/26/2017,07,0.021790
11/26/2017,08,0.022410
11/26/2017,09,0.023210
11/26/2017,10,0.023770
11/26/2017,11,0.022720
11/26/2017,12,0.022300
11/26/2017,13,0.021970
11/26/2017,14,0.021820
11/26/2017,15,0.021730
11/26/2017,16,0.022550
11/26/2017,17,0.027710
11/26/2017,18,0.029740
11/26/2017,19,0.027870
11/26/2017,20,0.025200
11/26/2017,21,0.023130
11/26/2017,22,0.022690
11/26/2017,23,0.021470
11/26/2017,24,0.021110
11/27/2017,01,0.020910
11/27/2017,02,0.020730
11/27/2017,03,0.020840
11/27/2017,04,0.021040
11/27/2017,05,0.024080
11/27/2017,06,0.028490
11/27/2017,07,0.032440
11/27/2017,08,0.028680
11/27/2017,09,0.027510
11/27/2017,10,0.026360
11/27/2017,11,0.025190
11/27/2017,12,0.024460
11/27/2017,13,0.022970
11/27/2017,14,0.022920
11/27/2017,15,0.022430
11/27/2017,16,0.022840
11/27/2017,17,0.027530
11/27/2017,18,0.028960
11/27/2017,19,0.027320
11/27/2017,20,0.024770
11/27/2017,21,0.022920
11/27/2017,22,0.022090
11/27/2017,23,0.020500
11/27/2017,24,0.018260
11/28/2017,01,0.017790
11/28/2017,02,0.017650
11/28/2017,03,0.017710
11/28/2017,04,0.018180
11/28/2017,05,0.020380
11/28/2017,06,0.024590
11/28/2017,07,0.028260
11/28/2017,08,0.025670
11/28/2017,09,0.024810
11/28/2017,10,0.024710
11/28/2017,11,0.024170
11/28/2017,12,0.023330
11/28/2017,13,0.023010
11/28/2017,14,0.022550
11/28/2017,15,0.022070
11/28/2017,16,0.023190
11/28/2017,17,0.028800
11/28/2017,18,0.030970
11/28/2017,19,0.029010
11/28/2017,20,0.027080
11/28/2017,21,0.024770
11/28/2017,22,0.022630
11/28/2017,23,0.021650
11/28/2017,24,0.019870
11/29/2017,01,0.019620
11/29/2017,02,0.019610
11/29/2017,03,0.019670
11/29/2017,04,0.020080
11/29/2017,05,0.021590
11/29/2017,06,0.026160
11/29/2017,07,0.032750
11/29/2017,08,0.028730
11/29/2017,09,0.026470
11/29/2017,10,0.025380
11/29/2017,11,0.024630
11/29/2017,12,0.023860
11/29/2017,13,0.023190
11/29/2017,14,0.022840
11/29/2017,15,0.022770
11/29/2017,16,0.023400
11/29/2017,17,0.028790
11/29/2017,18,0.031070
11/29/2017,19,0.027570
11/29/2017,20,0.026530
11/29/2017,21,0.023800
11/29/2017,22,0.022380
11/29/2017,23,0.021110
11/29/2017,24,0.019660
11/30/2017,01,0.018790
11/30/2017,02,0.018220
11/30/2017,03,0.018160
11/30/2017,04,0.018470
11/30/2017,05,0.020730
11/30/2017,06,0.024290
11/30/2017,07,0.028760
11/30/2017,08,0.026530
11/30/2017,09,0.025690
11/30/2017,10,0.025390
11/30/2017,11,0.023770
11/30/2017,12,0.023830
11/30/2017,13,0.022610
11/30/2017,14,0.022540
11/30/2017,15,0.023090
11/30/2017,16,0.023330
11/30/2017,17,0.030980
11/30/2017,18,0.033870
11/30/2017,19,0.031090
11/30/2017,20,0.029060
11/30/2017,21,0.025830
11/30/2017,22,0.023820
11/30/2017,23,0.023730
11/30/2017,24,0.021650
12/01/2017,01,0.021450
12/01/2017,02,0.021330
12/01/2017,03,0.021450
12/01/2017,04,0.021910
12/01/2017,05,0.022700
12/01/2017,06,0.026800
12/01/2017,07,0.033280
12/01/2017,08,0.029880
12/01/2017,09,0.028250
12/01/2017,10,0.027630
12/01/2017,11,0.024830
12/01/2017,12,0.024530
12/01/2017,13,0.023350
12/01/2017,14,0.023560
12/01/2017,15,0.023360
12/01/2017,16,0.023790
12/01/2017,17,0.029100
12/01/2017,18,0.031740
12/01/2017,19,0.028850
12/01/2017,20,0.027880
12/01/2017,21,0.024370
12/01/2017,22,0.024830
12/01/2017,23,0.023130
12/01/2017,24,0.022460
12/02/2017,01,0.022790
12/02/2017,02,0.022240
12/02/2017,03,0.022140
12/02/2017,04,0.022190
12/02/2017,05,0.022080
12/02/2017,06,0.025220
12/02/2017,07,0.026720
12/02/2017,08,0.028280
12/02/2017,09,0.028680
12/02/2017,10,0.028280
12/02/2017,11,0.027100
12/02/2017,12,0.025250
12/02/2017,13,0.024120
12/02/2017,14,0.022860
12/02/2017,15,0.022820
12/02/2017,16,0.023510
12/02/2017,17,0.029640
12/02/2017,18,0.031250
12/02/2017,19,0.026990
12/02/2017,20,0.025760
12/02/2017,21,0.024300
12/02/2017,22,0.023580
12/02/2017,23,0.021770
12/02/2017,24,0.021510
12/03/2017,01,0.021430
12/03/2017,02,0.021390
12/03/2017,03,0.021480
12/03/2017,04,0.021390
12/03/2017,05,0.021410
12/03/2017,06,0.022800
12/03/2017,07,0.024150
12/03/2017,08,0.024920
12/03/2017,09,0.024790
12/03/2017,10,0.024510
12/03/2017,11,0.023550
12/03/2017,12,0.023240
12/03/2017,13,0.022900
12/03/2017,14,0.022320
12/03/2017,15,0.022210
12/03/2017,16,0.023260
12/03/2017,17,0.030160
12/03/2017,18,0.029800
12/03/2017,19,0.028500
12/03/2017,20,0.026340
12/03/2017,21,0.023350
12/03/2017,22,0.022210
12/03/2017,23,0.020350
12/03/2017,24,0.018290
12/04/2017,01,0.017520
12/04/2017,02,0.017310
12/04/2017,03,0.017240
12/04/2017,04,0.018310
12/04/2017,05,0.019490
12/04/2017,06,0.024320
12/04/2017,07,0.028580
12/04/2017,08,0.027300
12/04/2017,09,0.025200
12/04/2017,10,0.024110
12/04/2017,11,0.023360
12/04/2017,12,0.022920
12/04/2017,13,0.022850
12/04/2017,14,0.022620
12/04/2017,15,0.022220
12/04/2017,16,0.022780
12/04/2017,17,0.028380
12/04/2017,18,0.028410
12/04/2017,19,0.026160
12/04/2017,20,0.024240
12/04/2017,21,0.022720
12/04/2017,22,0.021750
12/04/2017,23,0.020310
12/04/2017,24,0.016940
12/05/2017,01,0.015840
12/05/2017,02,0.015300
12/05/2017,03,0.015330
12/05/2017,04,0.015650
12/05/2017,05,0.017390
12/05/2017,06,0.022640
12/05/2017,07,0.027770
12/05/2017,08,0.024340
12/05/2017,09,0.023470
12/05/2017,10,0.023120
12/05/2017,11,0.022370
12/05/2017,12,0.021750
12/05/2017,13,0.021460
12/05/2017,14,0.021510
12/05/2017,15,0.021460
12/05/2017,16,0.021860
12/05/2017,17,0.028820
12/05/2017,18,0.030900
12/05/2017,19,0.029820
12/05/2017,20,0.028010
12/05/2017,21,0.026390
12/05/2017,22,0.023880
12/05/2017,23,0.022670
12/05/2017,24,0.019480
12/06/2017,01,0.018470
12/06/2017,02,0.018030
12/06/2017,03,0.017800
12/06/2017,04,0.018380
12/06/2017,05,0.020490
12/06/2017,06,0.024780
12/06/2017,07,0.030180
12/06/2017,08,0.025950
12/06/2017,09,0.024280
12/06/2017,10,0.023130
12/06/2017,11,0.022230
12/06/2017,12,0.021660
12/06/2017,13,0.021270
12/06/2017,14,0.021040
12/06/2017,15,0.020690
12/06/2017,16,0.021670
12/06/2017,17,0.027430
12/06/2017,18,0.030690
12/06/2017,19,0.028690
12/06/2017,20,0.026860
12/06/2017,21,0.025170
12/06/2017,22,0.023580
12/06/2017,23,0.022650
12/06/2017,24,0.021610
12/07/2017,01,0.021300
12/07/2017,02,0.021340
12/07/2017,03,0.021600
12/07/2017,04,0.022120
12/07/2017,05,0.023300
12/07/2017,06,0.028320
12/07/2017,07,0.036560
12/07/2017,08,0.032730
12/07/2017,09,0.030560
12/07/2017,10,0.028590
12/07/2017,11,0.027490
12/07/2017,12,0.026280
12/07/2017,13,0.025090
12/07/2017,14,0.024950
12/07/2017,15,0.024370
12/07/2017,16,0.026050
12/07/2017,17,0.036240
12/07/2017,18,0.038600
12/07/2017,19,0.036180
12/07/2017,20,0.033990
12/07/2017,21,0.030750
12/07/2017,22,0.027540
12/07/2017,23,0.025360
12/07/2017,24,0.024210
12/08/2017,01,0.023840
12/08/2017,02,0.023840
12/08/2017,03,0.024020
12/08/2017,04,0.024700
12/08/2017,05,0.025300
12/08/2017,06,0.031950
12/08/2017,07,0.045660
12/08/2017,08,0.036900
12/08/2017,09,0.033640
12/08/2017,10,0.029980
12/08/2017,11,0.026980
12/08/2017,12,0.024930
12/08/2017,13,0.023740
12/08/2017,14,0.022780
12/08/2017,15,0.022620
12/08/2017,16,0.023070
12/08/2017,17,0.027860
12/08/2017,18,0.029080
12/08/2017,19,0.027760
12/08/2017,20,0.026770
12/08/2017,21,0.024580
12/08/2017,22,0.023810
12/08/2017,23,0.022470
12/08/2017,24,0.022120
12/09/2017,01,0.021350
12/09/2017,02,0.021760
12/09/2017,03,0.021790
12/09/2017,04,0.021970
12/09/2017,05,0.022420
12/09/2017,06,0.025040
12/09/2017,07,0.026180
12/09/2017,08,0.025230
12/09/2017,09,0.026510
12/09/2017,10,0.026130
12/09/2017,11,0.024420
12/09/2017,12,0.023670
12/09/2017,13,0.022790
12/09/2017,14,0.022360
12/09/2017,15,0.022440
12/09/2017,16,0.022960
12/09/2017,17,0.031870
12/09/2017,18,0.033550
12/09/2017,19,0.029210
12/09/2017,20,0.027620
12/09/2017,21,0.025090
12/09/2017,22,0.023530
12/09/2017,23,0.022950
12/09/2017,24,0.020980
12/10/2017,01,0.020290
12/10/2017,02,0.020860
12/10/2017,03,0.020540
12/10/2017,04,0.020680
12/10/2017,05,0.020180
12/10/2017,06,0.021530
12/10/2017,07,0.023030
12/10/2017,08,0.023380
12/10/2017,09,0.023560
12/10/2017,10,0.022120
12/10/2017,11,0.021540
12/10/2017,12,0.020600
12/10/2017,13,0.020190
12/10/2017,14,0.019960
12/10/2017,15,0.020010
12/10/2017,16,0.020580
12/10/2017,17,0.025940
12/10/2017,18,0.029320
12/10/2017,19,0.025160
12/10/2017,20,0.024510
12/10/2017,21,0.022740
12/10/2017,22,0.021980
12/10/2017,23,0.021010
12/10/2017,24,0.021510
12/11/2017,01,0.020920
12/11/2017,02,0.021450
12/11/2017,03,0.021710
12/11/2017,04,0.022130
12/11/2017,05,0.022170
12/11/2017,06,0.030220
12/11/2017,07,0.037910
12/11/2017,08,0.031030
12/11/2017,09,0.029050
12/11/2017,10,0.026810
12/11/2017,11,0.024490
12/11/2017,12,0.023350
12/11/2017,13,0.022750
12/11/2017,14,0.022290
12/11/2017,15,0.022030
12/11/2017,16,0.022480
12/11/2017,17,0.027030
12/11/2017,18,0.030400
12/11/2017,19,0.027880
12/11/2017,20,0.025820
12/11/2017,21,0.023480
12/11/2017,22,0.022480
12/11/2017,23,0.021490
12/11/2017,24,0.020070
12/12/2017,01,0.019500
12/12/2017,02,0.019880
12/12/2017,03,0.020170
12/12/2017,04,0.021040
12/12/2017,05,0.022420
12/12/2017,06,0.028020
12/12/2017,07,0.036780
12/12/2017,08,0.032530
12/12/2017,09,0.031230
12/12/2017,10,0.029390
12/12/2017,11,0.027890
12/12/2017,12,0.025760
12/12/2017,13,0.024410
12/12/2017,14,0.024210
12/12/2017,15,0.023940
12/12/2017,16,0.025070
12/12/2017,17,0.036390
12/12/2017,18,0.040440
12/12/2017,19,0.037240
12/12/2017,20,0.034870
12/12/2017,21,0.031260
12/12/2017,22,0.026670
12/12/2017,23,0.024520
12/12/2017,24,0.022440
12/13/2017,01,0.021710
12/13/2017,02,0.022320
12/13/2017,03,0.022820
12/13/2017,04,0.023200
12/13/2017,05,0.023120
12/13/2017,06,0.029830
12/13/2017,07,0.043130
12/13/2017,08,0.034420
12/13/2017,09,0.031050
12/13/2017,10,0.028940
12/13/2017,11,0.025800
12/13/2017,12,0.023780
12/13/2017,13,0.022650
12/13/2017,14,0.022460
12/13/2017,15,0.022360
12/13/2017,16,0.022870
12/13/2017,17,0.028950
12/13/2017,18,0.030040
12/13/2017,19,0.027730
12/13/2017,20,0.026970
12/13/2017,21,0.025180
12/13/2017,22,0.023070
12/13/2017,23,0.022540
12/13/2017,24,0.023360
12/14/2017,01,0.022700
12/14/2017,02,0.023410
12/14/2017,03,0.023660
12/14/2017,04,0.023610
12/14/2017,05,0.025180
12/14/2017,06,0.030390
12/14/2017,07,0.043180
12/14/2017,08,0.036490
12/14/2017,09,0.034020
12/14/2017,10,0.032260
12/14/2017,11,0.030310
12/14/2017,12,0.027890
12/14/2017,13,0.026150
12/14/2017,14,0.025350
12/14/2017,15,0.024800
12/14/2017,16,0.025910
12/14/2017,17,0.036490
12/14/2017,18,0.040300
12/14/2017,19,0.035670
12/14/2017,20,0.032660
12/14/2017,21,0.030090
12/14/2017,22,0.026340
12/14/2017,23,0.024550
12/14/2017,24,0.022770
12/15/2017,01,0.022860
12/15/2017,02,0.023130
12/15/2017,03,0.023200
12/15/2017,04,0.023290
12/15/2017,05,0.023700
12/15/2017,06,0.028110
12/15/2017,07,0.040120
12/15/2017,08,0.033770
12/15/2017,09,0.030460
12/15/2017,10,0.028550
12/15/2017,11,0.026830
12/15/2017,12,0.024800
12/15/2017,13,0.023660
12/15/2017,14,0.022730
12/15/2017,15,0.022420
12/15/2017,16,0.022670
12/15/2017,17,0.030600
12/15/2017,18,0.032580
12/15/2017,19,0.028890
12/15/2017,20,0.027620
12/15/2017,21,0.026010
12/15/2017,22,0.024750
12/15/2017,23,0.023170
12/15/2017,24,0.022690
12/16/2017,01,0.022220
12/16/2017,02,0.022460
12/16/2017,03,0.022340
12/16/2017,04,0.022340
12/16/2017,05,0.022120
12/16/2017,06,0.023090
12/16/2017,07,0.025340
12/16/2017,08,0.025960
12/16/2017,09,0.026960
12/16/2017,10,0.026240
12/16/2017,11,0.024420
12/16/2017,12,0.023330
12/16/2017,13,0.022540
12/16/2017,14,0.022240
12/16/2017,15,0.022040
12/16/2017,16,0.022620
12/16/2017,17,0.027110
12/16/2017,18,0.028170
12/16/2017,19,0.025750
12/16/2017,20,0.024140
12/16/2017,21,0.023300
12/16/2017,22,0.022750
12/16/2017,23,0.022340
12/16/2017,24,0.021500
12/17/2017,01,0.021070
12/17/2017,02,0.020950
12/17/2017,03,0.021150
12/17/2017,04,0.020940
12/17/2017,05,0.020890
12/17/2017,06,0.020800
12/17/2017,07,0.022120
12/17/2017,08,0.022910
12/17/2017,09,0.024150
12/17/2017,10,0.023740
12/17/2017,11,0.023030
12/17/2017,12,0.022730
12/17/2017,13,0.022610
12/17/2017,14,0.022570
12/17/2017,15,0.022350
12/17/2017,16,0.023100
12/17/2017,17,0.028730
12/17/2017,18,0.029470
12/17/2017,19,0.026520
12/17/2017,20,0.025180
12/17/2017,21,0.022620
12/17/2017,22,0.021880
12/17/2017,23,0.021190
12/17/2017,24,0.020390
12/18/2017,01,0.019870
12/18/2017,02,0.020030
12/18/2017,03,0.019690
12/18/2017,04,0.020000
12/18/2017,05,0.020840
12/18/2017,06,0.022360
12/18/2017,07,0.029220
12/18/2017,08,0.026760
12/18/2017,09,0.026130
12/18/2017,10,0.026120
12/18/2017,11,0.024690
12/18/2017,12,0.023730
12/18/2017,13,0.023160
12/18/2017,14,0.022850
12/18/2017,15,0.022420
12/18/2017,16,0.022610
12/18/2017,17,0.027750
12/18/2017,18,0.028170
12/18/2017,19,0.025650
12/18/2017,20,0.024180
12/18/2017,21,0.022540
12/18/2017,22,0.021370
12/18/2017,23,0.019770
12/18/2017,24,0.018670
12/19/2017,01,0.017640
12/19/2017,02,0.017370
12/19/2017,03,0.017130
12/19/2017,04,0.017500
12/19/2017,05,0.018820
12/19/2017,06,0.021300
12/19/2017,07,0.024740
12/19/2017,08,0.023590
12/19/2017,09,0.023640
12/19/2017,10,0.023160
12/19/2017,11,0.023050
12/19/2017,12,0.022850
12/19/2017,13,0.022810
12/19/2017,14,0.022880
12/19/2017,15,0.022650
12/19/2017,16,0.023420
12/19/2017,17,0.029100
12/19/2017,18,0.029720
12/19/2017,19,0.027440
12/19/2017,20,0.026680
12/19/2017,21,0.025260
12/19/2017,22,0.022990
12/19/2017,23,0.022200
12/19/2017,24,0.021390
12/20/2017,01,0.020510
12/20/2017,02,0.020190
12/20/2017,03,0.020050
12/20/2017,04,0.020340
12/20/2017,05,0.021270
12/20/2017,06,0.023590
12/20/2017,07,0.027420
12/20/2017,08,0.025710
12/20/2017,09,0.025450
12/20/2017,10,0.025460
12/20/2017,11,0.024240
12/20/2017,12,0.023620
12/20/2017,13,0.023330
12/20/2017,14,0.023420
12/20/2017,15,0.023200
12/20/2017,16,0.023890
12/20/2017,17,0.028560
12/20/2017,18,0.029530
12/20/2017,19,0.027890
12/20/2017,20,0.025740
12/20/2017,21,0.024420
12/20/2017,22,0.023300
12/20/2017,23,0.022030
12/20/2017,24,0.021080
12/21/2017,01,0.020210
12/21/2017,02,0.020110
12/21/2017,03,0.020670
12/21/2017,04,0.020900
12/21/2017,05,0.021640
12/21/2017,06,0.025140
12/21/2017,07,0.031900
12/21/2017,08,0.029060
12/21/2017,09,0.027770
12/21/2017,10,0.027420
12/21/2017,11,0.026230
12/21/2017,12,0.025050
12/21/2017,13,0.024380
12/21/2017,14,0.023840
12/21/2017,15,0.023080
12/21/2017,16,0.023670
12/21/2017,17,0.028700
12/21/2017,18,0.029340
12/21/2017,19,0.027400
12/21/2017,20,0.025740
12/21/2017,21,0.024260
12/21/2017,22,0.023100
12/21/2017,23,0.021660
12/21/2017,24,0.020750
12/22/2017,01,0.020640
12/22/2017,02,0.020520
12/22/2017,03,0.020500
12/22/2017,04,0.020600
12/22/2017,05,0.020980
12/22/2017,06,0.023260
12/22/2017,07,0.027270
12/22/2017,08,0.027770
12/22/2017,09,0.027650
12/22/2017,10,0.027540
12/22/2017,11,0.025920
12/22/2017,12,0.024500
12/22/2017,13,0.023670
12/22/2017,14,0.023170
12/22/2017,15,0.023040
12/22/2017,16,0.023770
12/22/2017,17,0.028540
12/22/2017,18,0.028590
12/22/2017,19,0.025740
12/22/2017,20,0.024180
12/22/2017,21,0.023030
12/22/2017,22,0.022100
12/22/2017,23,0.021110
12/22/2017,24,0.020470
12/23/2017,01,0.019490
12/23/2017,02,0.019630
12/23/2017,03,0.018880
12/23/2017,04,0.019060
12/23/2017,05,0.019390
12/23/2017,06,0.020220
12/23/2017,07,0.021890
12/23/2017,08,0.021940
12/23/2017,09,0.023670
12/23/2017,10,0.023720
12/23/2017,11,0.023010
12/23/2017,12,0.022370
12/23/2017,13,0.021900
12/23/2017,14,0.021450
12/23/2017,15,0.021290
12/23/2017,16,0.022090
12/23/2017,17,0.025530
12/23/2017,18,0.026900
12/23/2017,19,0.024570
12/23/2017,20,0.024190
12/23/2017,21,0.023310
12/23/2017,22,0.022440
12/23/2017,23,0.021490
12/23/2017,24,0.020500
12/24/2017,01,0.020120
12/24/2017,02,0.020310
12/24/2017,03,0.019960
12/24/2017,04,0.019850
12/24/2017,05,0.020130
12/24/2017,06,0.020880
12/24/2017,07,0.021810
12/24/2017,08,0.022420
12/24/2017,09,0.023370
12/24/2017,10,0.023530
12/24/2017,11,0.022530
12/24/2017,12,0.022090
12/24/2017,13,0.022080
12/24/2017,14,0.021580
12/24/2017,15,0.021350
12/24/2017,16,0.021780
12/24/2017,17,0.024040
12/24/2017,18,0.024210
12/24/2017,19,0.023090
12/24/2017,20,0.022800
12/24/2017,21,0.022300
12/24/2017,22,0.021670
12/24/2017,23,0.020970
12/24/2017,24,0.020170
12/25/2017,01,0.019660
12/25/2017,02,0.019700
12/25/2017,03,0.019520
12/25/2017,04,0.019730
12/25/2017,05,0.020450
12/25/2017,06,0.020840
12/25/2017,07,0.022700
12/25/2017,08,0.023260
12/25/2017,09,0.023510
12/25/2017,10,0.023330
12/25/2017,11,0.021720
12/25/2017,12,0.021170
12/25/2017,13,0.020820
12/25/2017,14,0.020380
12/25/2017,15,0.020260
12/25/2017,16,0.020830
12/25/2017,17,0.022660
12/25/2017,18,0.024950
12/25/2017,19,0.023890
12/25/2017,20,0.023700
12/25/2017,21,0.023480
12/25/2017,22,0.022450
12/25/2017,23,0.021450
12/25/2017,24,0.021400
12/26/2017,01,0.021610
12/26/2017,02,0.021240
12/26/2017,03,0.021620
12/26/2017,04,0.022410
12/26/2017,05,0.022660
12/26/2017,06,0.025050
12/26/2017,07,0.031680
12/26/2017,08,0.030380
12/26/2017,09,0.029540
12/26/2017,10,0.028890
12/26/2017,11,0.027640
12/26/2017,12,0.026160
12/26/2017,13,0.025030
12/26/2017,14,0.024220
12/26/2017,15,0.023980
12/26/2017,16,0.025050
12/26/2017,17,0.033440
12/26/2017,18,0.038770
12/26/2017,19,0.034950
12/26/2017,20,0.032170
12/26/2017,21,0.029700
12/26/2017,22,0.027100
12/26/2017,23,0.025200
12/26/2017,24,0.023170
12/27/2017,01,0.022310
12/27/2017,02,0.022380
12/27/2017,03,0.022810
12/27/2017,04,0.022660
12/27/2017,05,0.023740
12/27/2017,06,0.027330
12/27/2017,07,0.035700
12/27/2017,08,0.035210
12/27/2017,09,0.034690
12/27/2017,10,0.032630
12/27/2017,11,0.030400
12/27/2017,12,0.027990
12/27/2017,13,0.026600
12/27/2017,14,0.025670
12/27/2017,15,0.025160
12/27/2017,16,0.025630
12/27/2017,17,0.034900
12/27/2017,18,0.039570
12/27/2017,19,0.035190
12/27/2017,20,0.031890
12/27/2017,21,0.029820
12/27/2017,22,0.026400
12/27/2017,23,0.024390
12/27/2017,24,0.027020
12/28/2017,01,0.024970
12/28/2017,02,0.025230
12/28/2017,03,0.025110
12/28/2017,04,0.025970
12/28/2017,05,0.027720
12/28/2017,06,0.032560
12/28/2017,07,0.043220
12/28/2017,08,0.042420
12/28/2017,09,0.041790
12/28/2017,10,0.038710
12/28/2017,11,0.037190
12/28/2017,12,0.032850
12/28/2017,13,0.030820
12/28/2017,14,0.029520
12/28/2017,15,0.027960
12/28/2017,16,0.029520
12/28/2017,17,0.040150
12/28/2017,18,0.047500
12/28/2017,19,0.038900
12/28/2017,20,0.035450
12/28/2017,21,0.032900
12/28/2017,22,0.028770
12/28/2017,23,0.025850
12/28/2017,24,0.028130
12/29/2017,01,0.026590
12/29/2017,02,0.026900
12/29/2017,03,0.027290
12/29/2017,04,0.027890
12/29/2017,05,0.029320
12/29/2017,06,0.033770
12/29/2017,07,0.045440
12/29/2017,08,0.044720
12/29/2017,09,0.043180
12/29/2017,10,0.039940
12/29/2017,11,0.039000
12/29/2017,12,0.034520
12/29/2017,13,0.032010
12/29/2017,14,0.029790
12/29/2017,15,0.028270
12/29/2017,16,0.029730
12/29/2017,17,0.040070
12/29/2017,18,0.046440
12/29/2017,19,0.039410
12/29/2017,20,0.035070
12/29/2017,21,0.031970
12/29/2017,22,0.030620
12/29/2017,23,0.026670
12/29/2017,24,0.026130
12/30/2017,01,0.024580
12/30/2017,02,0.024220
12/30/2017,03,0.024190
12/30/2017,04,0.024440
12/30/2017,05,0.023890
12/30/2017,06,0.025750
12/30/2017,07,0.028570
12/30/2017,08,0.030990
12/30/2017,09,0.035180
12/30/2017,10,0.036290
12/30/2017,11,0.034400
12/30/2017,12,0.032450
12/30/2017,13,0.030400
12/30/2017,14,0.031030
12/30/2017,15,0.030400
12/30/2017,16,0.032740
12/30/2017,17,0.041280
12/30/2017,18,0.053310
12/30/2017,19,0.044930
12/30/2017,20,0.042080
12/30/2017,21,0.040030
12/30/2017,22,0.037900
12/30/2017,23,0.035900
12/30/2017,24,0.037130
12/31/2017,01,0.034060
12/31/2017,02,0.036130
12/31/2017,03,0.035720
12/31/2017,04,0.035640
12/31/2017,05,0.033300
12/31/2017,06,0.032170
12/31/2017,07,0.034200
12/31/2017,08,0.038480
12/31/2017,09,0.041680
12/31/2017,10,0.043710
12/31/2017,11,0.041570
12/31/2017,12,0.039540
12/31/2017,13,0.037390
12/31/2017,14,0.035020
12/31/2017,15,0.034040
12/31/2017,16,0.036880
12/31/2017,17,0.048880
12/31/2017,18,0.061310
12/31/2017,19,0.057350
12/31/2017,20,0.048500
12/31/2017,21,0.045620
12/31/2017,22,0.047400
12/31/2017,23,0.041160
12/31/2017,24,0.036210
